{"pages":["Raleway-Bold.png"],"chars":[{"id":87,"width":54,"height":40,"xoffset":0,"yoffset":-29.82,"xadvance":44.226000000000006,"chnl":15,"x":0,"y":0,"page":0},{"id":36,"width":35,"height":49,"xoffset":0,"yoffset":-34.230000000000004,"xadvance":26.628,"chnl":15,"x":0,"y":42,"page":0},{"id":106,"width":23,"height":49,"xoffset":0,"yoffset":-30.66,"xadvance":10.962000000000002,"chnl":15,"x":0,"y":93,"page":0},{"id":124,"width":18,"height":48,"xoffset":0,"yoffset":-32.550000000000004,"xadvance":11.424000000000001,"chnl":15,"x":0,"y":144,"page":0},{"id":109,"width":47,"height":32,"xoffset":0,"yoffset":-22.386000000000003,"xadvance":39.102000000000004,"chnl":15,"x":0,"y":194,"page":0},{"id":119,"width":45,"height":32,"xoffset":0,"yoffset":-22.008000000000003,"xadvance":35.238,"chnl":15,"x":0,"y":228,"page":0},{"id":40,"width":22,"height":44,"xoffset":0,"yoffset":-31.794,"xadvance":13.020000000000001,"chnl":15,"x":0,"y":262,"page":0},{"id":41,"width":22,"height":44,"xoffset":0,"yoffset":-31.794,"xadvance":12.978000000000002,"chnl":15,"x":0,"y":308,"page":0},{"id":93,"width":20,"height":43,"xoffset":0,"yoffset":-31.080000000000002,"xadvance":13.272,"chnl":15,"x":0,"y":354,"page":0},{"id":91,"width":21,"height":43,"xoffset":0,"yoffset":-31.080000000000002,"xadvance":13.272,"chnl":15,"x":0,"y":399,"page":0},{"id":64,"width":43,"height":41,"xoffset":0,"yoffset":-25.326,"xadvance":35.49,"chnl":15,"x":0,"y":444,"page":0},{"id":77,"width":43,"height":40,"xoffset":0,"yoffset":-29.82,"xadvance":36.330000000000005,"chnl":15,"x":45,"y":444,"page":0},{"id":123,"width":21,"height":42,"xoffset":0,"yoffset":-31.080000000000002,"xadvance":13.314,"chnl":15,"x":23,"y":399,"page":0},{"id":37,"width":42,"height":41,"xoffset":0,"yoffset":-30.240000000000002,"xadvance":33.012,"chnl":15,"x":46,"y":399,"page":0},{"id":125,"width":22,"height":42,"xoffset":0,"yoffset":-31.080000000000002,"xadvance":13.314,"chnl":15,"x":22,"y":354,"page":0},{"id":121,"width":33,"height":42,"xoffset":0,"yoffset":-22.008000000000003,"xadvance":23.1,"chnl":15,"x":46,"y":354,"page":0},{"id":103,"width":34,"height":42,"xoffset":0,"yoffset":-22.386000000000003,"xadvance":26.628,"chnl":15,"x":81,"y":354,"page":0},{"id":102,"width":27,"height":41,"xoffset":0,"yoffset":-31.080000000000002,"xadvance":15.540000000000001,"chnl":15,"x":90,"y":399,"page":0},{"id":112,"width":35,"height":41,"xoffset":0,"yoffset":-22.386000000000003,"xadvance":26.628,"chnl":15,"x":119,"y":399,"page":0},{"id":81,"width":41,"height":40,"xoffset":0,"yoffset":-30.03,"xadvance":31.71,"chnl":15,"x":90,"y":444,"page":0},{"id":113,"width":36,"height":41,"xoffset":0,"yoffset":-22.386000000000003,"xadvance":26.628,"chnl":15,"x":156,"y":399,"page":0},{"id":108,"width":23,"height":41,"xoffset":0,"yoffset":-30.66,"xadvance":13.314,"chnl":15,"x":194,"y":399,"page":0},{"id":96,"width":19,"height":41,"xoffset":0,"yoffset":-30.66,"xadvance":10.71,"chnl":15,"x":219,"y":399,"page":0},{"id":105,"width":18,"height":41,"xoffset":0,"yoffset":-30.66,"xadvance":10.71,"chnl":15,"x":240,"y":399,"page":0},{"id":98,"width":35,"height":41,"xoffset":0,"yoffset":-30.66,"xadvance":26.628,"chnl":15,"x":260,"y":399,"page":0},{"id":104,"width":33,"height":41,"xoffset":0,"yoffset":-30.66,"xadvance":25.368000000000002,"chnl":15,"x":297,"y":399,"page":0},{"id":100,"width":35,"height":41,"xoffset":0,"yoffset":-30.66,"xadvance":27.090000000000003,"chnl":15,"x":332,"y":399,"page":0},{"id":107,"width":34,"height":41,"xoffset":0,"yoffset":-30.66,"xadvance":23.436,"chnl":15,"x":369,"y":399,"page":0},{"id":38,"width":40,"height":41,"xoffset":0,"yoffset":-30.198,"xadvance":29.904000000000003,"chnl":15,"x":405,"y":399,"page":0},{"id":65,"width":38,"height":40,"xoffset":0,"yoffset":-29.82,"xadvance":28.224,"chnl":15,"x":133,"y":444,"page":0},{"id":66,"width":37,"height":40,"xoffset":0,"yoffset":-29.82,"xadvance":28.560000000000002,"chnl":15,"x":173,"y":444,"page":0},{"id":67,"width":38,"height":40,"xoffset":0,"yoffset":-29.988000000000003,"xadvance":28.812,"chnl":15,"x":212,"y":444,"page":0},{"id":68,"width":39,"height":40,"xoffset":0,"yoffset":-29.82,"xadvance":30.072000000000003,"chnl":15,"x":252,"y":444,"page":0},{"id":69,"width":34,"height":40,"xoffset":0,"yoffset":-29.82,"xadvance":25.242,"chnl":15,"x":293,"y":444,"page":0},{"id":70,"width":33,"height":40,"xoffset":0,"yoffset":-29.82,"xadvance":24.108,"chnl":15,"x":329,"y":444,"page":0},{"id":71,"width":39,"height":40,"xoffset":0,"yoffset":-30.03,"xadvance":30.450000000000003,"chnl":15,"x":364,"y":444,"page":0},{"id":72,"width":38,"height":40,"xoffset":0,"yoffset":-29.82,"xadvance":31.290000000000003,"chnl":15,"x":405,"y":444,"page":0},{"id":73,"width":19,"height":40,"xoffset":0,"yoffset":-29.82,"xadvance":12.012,"chnl":15,"x":445,"y":444,"page":0},{"id":74,"width":28,"height":40,"xoffset":0,"yoffset":-29.82,"xadvance":20.622,"chnl":15,"x":466,"y":444,"page":0},{"id":75,"width":39,"height":40,"xoffset":0,"yoffset":-29.82,"xadvance":28.098000000000003,"chnl":15,"x":447,"y":399,"page":0},{"id":76,"width":34,"height":40,"xoffset":0,"yoffset":-29.82,"xadvance":24.528000000000002,"chnl":15,"x":117,"y":354,"page":0},{"id":34,"width":24,"height":40,"xoffset":0,"yoffset":-30.366000000000003,"xadvance":16.506,"chnl":15,"x":488,"y":399,"page":0},{"id":78,"width":39,"height":40,"xoffset":0,"yoffset":-29.82,"xadvance":32.046,"chnl":15,"x":153,"y":354,"page":0},{"id":33,"width":19,"height":40,"xoffset":0,"yoffset":-30.114,"xadvance":12.894,"chnl":15,"x":194,"y":354,"page":0},{"id":80,"width":35,"height":40,"xoffset":0,"yoffset":-29.82,"xadvance":26.166,"chnl":15,"x":215,"y":354,"page":0},{"id":53,"width":32,"height":40,"xoffset":0,"yoffset":-23.982000000000003,"xadvance":23.268,"chnl":15,"x":252,"y":354,"page":0},{"id":82,"width":37,"height":40,"xoffset":0,"yoffset":-29.82,"xadvance":27.930000000000003,"chnl":15,"x":286,"y":354,"page":0},{"id":47,"width":38,"height":40,"xoffset":0,"yoffset":-29.82,"xadvance":29.316000000000003,"chnl":15,"x":325,"y":354,"page":0},{"id":84,"width":35,"height":40,"xoffset":0,"yoffset":-29.82,"xadvance":25.998,"chnl":15,"x":365,"y":354,"page":0},{"id":85,"width":39,"height":40,"xoffset":0,"yoffset":-29.82,"xadvance":31.500000000000004,"chnl":15,"x":402,"y":354,"page":0},{"id":86,"width":38,"height":40,"xoffset":0,"yoffset":-29.82,"xadvance":28.392000000000003,"chnl":15,"x":443,"y":354,"page":0},{"id":42,"width":22,"height":40,"xoffset":0,"yoffset":-30.114,"xadvance":14.49,"chnl":15,"x":483,"y":354,"page":0},{"id":88,"width":37,"height":40,"xoffset":0,"yoffset":-29.82,"xadvance":27.132,"chnl":15,"x":24,"y":308,"page":0},{"id":89,"width":38,"height":40,"xoffset":0,"yoffset":-29.82,"xadvance":27.720000000000002,"chnl":15,"x":63,"y":308,"page":0},{"id":90,"width":35,"height":40,"xoffset":0,"yoffset":-29.82,"xadvance":26.334000000000003,"chnl":15,"x":103,"y":308,"page":0},{"id":39,"width":17,"height":40,"xoffset":0,"yoffset":-30.366000000000003,"xadvance":9.870000000000001,"chnl":15,"x":140,"y":308,"page":0},{"id":92,"width":36,"height":40,"xoffset":0,"yoffset":-29.82,"xadvance":26.754,"chnl":15,"x":159,"y":308,"page":0},{"id":54,"width":34,"height":40,"xoffset":0,"yoffset":-30.03,"xadvance":25.494000000000003,"chnl":15,"x":197,"y":308,"page":0},{"id":94,"width":33,"height":40,"xoffset":0,"yoffset":-29.82,"xadvance":24.57,"chnl":15,"x":233,"y":308,"page":0},{"id":55,"width":34,"height":40,"xoffset":0,"yoffset":-24.486,"xadvance":23.562,"chnl":15,"x":268,"y":308,"page":0},{"id":56,"width":34,"height":40,"xoffset":0,"yoffset":-29.82,"xadvance":25.368000000000002,"chnl":15,"x":304,"y":308,"page":0},{"id":57,"width":33,"height":40,"xoffset":0,"yoffset":-23.982000000000003,"xadvance":24.738000000000003,"chnl":15,"x":340,"y":308,"page":0},{"id":79,"width":40,"height":40,"xoffset":0,"yoffset":-30.03,"xadvance":31.752000000000002,"chnl":15,"x":375,"y":308,"page":0},{"id":116,"width":26,"height":40,"xoffset":0,"yoffset":-29.148000000000003,"xadvance":16.128,"chnl":15,"x":417,"y":308,"page":0},{"id":51,"width":32,"height":40,"xoffset":0,"yoffset":-24.192,"xadvance":23.436,"chnl":15,"x":445,"y":308,"page":0},{"id":63,"width":29,"height":40,"xoffset":0,"yoffset":-30.198,"xadvance":20.412000000000003,"chnl":15,"x":479,"y":308,"page":0},{"id":35,"width":39,"height":40,"xoffset":0,"yoffset":-29.82,"xadvance":30.282000000000004,"chnl":15,"x":24,"y":262,"page":0},{"id":83,"width":34,"height":40,"xoffset":0,"yoffset":-30.03,"xadvance":25.746000000000002,"chnl":15,"x":65,"y":262,"page":0},{"id":52,"width":32,"height":39,"xoffset":0,"yoffset":-23.982000000000003,"xadvance":23.982000000000003,"chnl":15,"x":101,"y":262,"page":0},{"id":59,"width":18,"height":37,"xoffset":0,"yoffset":-21.756,"xadvance":10.878,"chnl":15,"x":135,"y":262,"page":0},{"id":48,"width":34,"height":35,"xoffset":0,"yoffset":-25.074,"xadvance":25.788,"chnl":15,"x":155,"y":262,"page":0},{"id":60,"width":29,"height":34,"xoffset":0,"yoffset":-22.806,"xadvance":21.630000000000003,"chnl":15,"x":191,"y":262,"page":0},{"id":101,"width":34,"height":33,"xoffset":0,"yoffset":-22.386000000000003,"xadvance":25.158,"chnl":15,"x":222,"y":262,"page":0},{"id":117,"width":34,"height":32,"xoffset":0,"yoffset":-22.008000000000003,"xadvance":25.956000000000003,"chnl":15,"x":258,"y":262,"page":0},{"id":62,"width":30,"height":34,"xoffset":0,"yoffset":-22.806,"xadvance":21.630000000000003,"chnl":15,"x":20,"y":144,"page":0},{"id":49,"width":30,"height":34,"xoffset":0,"yoffset":-23.982000000000003,"xadvance":20.748,"chnl":15,"x":52,"y":144,"page":0},{"id":50,"width":32,"height":34,"xoffset":0,"yoffset":-24.402,"xadvance":23.688000000000002,"chnl":15,"x":84,"y":144,"page":0},{"id":111,"width":34,"height":33,"xoffset":0,"yoffset":-22.386000000000003,"xadvance":25.452,"chnl":15,"x":118,"y":144,"page":0},{"id":99,"width":33,"height":33,"xoffset":0,"yoffset":-22.386000000000003,"xadvance":23.688000000000002,"chnl":15,"x":154,"y":144,"page":0},{"id":115,"width":30,"height":33,"xoffset":0,"yoffset":-22.428,"xadvance":20.874000000000002,"chnl":15,"x":189,"y":144,"page":0},{"id":110,"width":33,"height":32,"xoffset":0,"yoffset":-22.386000000000003,"xadvance":25.368000000000002,"chnl":15,"x":294,"y":262,"page":0},{"id":97,"width":33,"height":33,"xoffset":0,"yoffset":-22.386000000000003,"xadvance":24.108,"chnl":15,"x":221,"y":144,"page":0},{"id":118,"width":33,"height":32,"xoffset":0,"yoffset":-22.008000000000003,"xadvance":23.058,"chnl":15,"x":329,"y":262,"page":0},{"id":58,"width":17,"height":32,"xoffset":0,"yoffset":-21.756,"xadvance":10.374,"chnl":15,"x":364,"y":262,"page":0},{"id":126,"width":32,"height":25,"xoffset":0,"yoffset":-15.120000000000001,"xadvance":23.814,"chnl":15,"x":0,"y":487,"page":0},{"id":43,"width":26,"height":32,"xoffset":0,"yoffset":-21.924000000000003,"xadvance":17.682000000000002,"chnl":15,"x":383,"y":262,"page":0},{"id":122,"width":29,"height":32,"xoffset":0,"yoffset":-22.008000000000003,"xadvance":20.706,"chnl":15,"x":411,"y":262,"page":0},{"id":114,"width":26,"height":32,"xoffset":0,"yoffset":-22.302000000000003,"xadvance":16.254,"chnl":15,"x":442,"y":262,"page":0},{"id":120,"width":32,"height":32,"xoffset":0,"yoffset":-22.008000000000003,"xadvance":22.302000000000003,"chnl":15,"x":470,"y":262,"page":0},{"id":95,"width":28,"height":15,"xoffset":0,"yoffset":0,"xadvance":19.950000000000003,"chnl":15,"x":34,"y":487,"page":0},{"id":61,"width":26,"height":27,"xoffset":0,"yoffset":-17.136000000000003,"xadvance":18.312,"chnl":15,"x":47,"y":228,"page":0},{"id":45,"width":25,"height":24,"xoffset":0,"yoffset":-14.07,"xadvance":17.556,"chnl":15,"x":75,"y":228,"page":0},{"id":44,"width":17,"height":21,"xoffset":0,"yoffset":-6.048,"xadvance":9.744,"chnl":15,"x":102,"y":228,"page":0},{"id":46,"width":17,"height":16,"xoffset":0,"yoffset":-6.048,"xadvance":9.450000000000001,"chnl":15,"x":121,"y":228,"page":0},{"id":32,"width":0,"height":0,"xoffset":0,"yoffset":0,"xadvance":10.08,"chnl":15,"x":34,"y":504,"page":0}],"info":{"face":"Raleway Bold","size":42,"bold":0,"italic":0,"charset":[" ","!","\"","#","$","%","&","'","(",")","*","+",",","-",".","/","0","1","2","3","4","5","6","7","8","9",":",";","<","=",">","?","@","A","B","C","D","E","F","G","H","I","J","K","L","M","N","O","P","Q","R","S","T","U","V","W","X","Y","Z","[","\\","]","^","_","`","a","b","c","d","e","f","g","h","i","j","k","l","m","n","o","p","q","r","s","t","u","v","w","x","y","z","{","|","}","~"],"unicode":1,"stretchH":100,"smooth":1,"aa":1,"padding":[0,0,0,0],"spacing":[2,2]},"common":{"lineHeight":49.308,"base":39.480000000000004,"scaleW":512,"scaleH":512,"pages":1,"packed":0,"alphaChnl":0,"redChnl":0,"greenChnl":0,"blueChnl":0},"kernings":[{"first":32,"second":34,"amount":-1.26},{"first":32,"second":39,"amount":-1.26},{"first":32,"second":65,"amount":-1.302},{"first":32,"second":74,"amount":-1.1340000000000001},{"first":32,"second":84,"amount":-1.1760000000000002},{"first":32,"second":87,"amount":-1.4280000000000002},{"first":32,"second":89,"amount":-1.4280000000000002},{"first":32,"second":119,"amount":-1.1340000000000001},{"first":32,"second":121,"amount":-1.1760000000000002},{"first":34,"second":32,"amount":-1.26},{"first":34,"second":44,"amount":-3.318},{"first":34,"second":45,"amount":-2.898},{"first":34,"second":46,"amount":-3.318},{"first":34,"second":47,"amount":-3.486},{"first":34,"second":48,"amount":-0.546},{"first":34,"second":51,"amount":-0.756},{"first":34,"second":52,"amount":-3.486},{"first":34,"second":53,"amount":-0.798},{"first":34,"second":57,"amount":-1.008},{"first":34,"second":64,"amount":-1.554},{"first":34,"second":65,"amount":-2.8560000000000003},{"first":34,"second":74,"amount":-3.486},{"first":34,"second":97,"amount":-0.462},{"first":34,"second":99,"amount":-0.7140000000000001},{"first":34,"second":100,"amount":-0.882},{"first":34,"second":101,"amount":-0.7140000000000001},{"first":34,"second":103,"amount":-0.882},{"first":34,"second":111,"amount":-0.7140000000000001},{"first":34,"second":113,"amount":-0.882},{"first":34,"second":115,"amount":-0.462},{"first":35,"second":52,"amount":-0.672},{"first":36,"second":51,"amount":-0.42000000000000004},{"first":36,"second":55,"amount":-0.7140000000000001},{"first":38,"second":34,"amount":-1.7220000000000002},{"first":38,"second":39,"amount":-1.7220000000000002},{"first":38,"second":65,"amount":0.378},{"first":38,"second":84,"amount":-2.184},{"first":38,"second":87,"amount":-2.1420000000000003},{"first":38,"second":89,"amount":-2.814},{"first":38,"second":119,"amount":-0.756},{"first":38,"second":121,"amount":-0.798},{"first":39,"second":32,"amount":-1.26},{"first":39,"second":44,"amount":-3.318},{"first":39,"second":45,"amount":-2.898},{"first":39,"second":46,"amount":-3.318},{"first":39,"second":47,"amount":-3.486},{"first":39,"second":48,"amount":-0.546},{"first":39,"second":51,"amount":-0.756},{"first":39,"second":52,"amount":-3.486},{"first":39,"second":53,"amount":-0.798},{"first":39,"second":57,"amount":-1.008},{"first":39,"second":64,"amount":-1.554},{"first":39,"second":65,"amount":-2.8560000000000003},{"first":39,"second":74,"amount":-3.486},{"first":39,"second":97,"amount":-0.462},{"first":39,"second":99,"amount":-0.7140000000000001},{"first":39,"second":100,"amount":-0.882},{"first":39,"second":101,"amount":-0.7140000000000001},{"first":39,"second":103,"amount":-0.882},{"first":39,"second":111,"amount":-0.7140000000000001},{"first":39,"second":113,"amount":-0.882},{"first":39,"second":115,"amount":-0.462},{"first":40,"second":67,"amount":-0.756},{"first":40,"second":71,"amount":-0.756},{"first":40,"second":79,"amount":-0.756},{"first":40,"second":81,"amount":-0.756},{"first":40,"second":99,"amount":-0.798},{"first":40,"second":100,"amount":-0.8400000000000001},{"first":40,"second":101,"amount":-0.798},{"first":40,"second":103,"amount":-0.8400000000000001},{"first":40,"second":111,"amount":-0.798},{"first":40,"second":113,"amount":-0.8400000000000001},{"first":40,"second":117,"amount":-0.504},{"first":40,"second":119,"amount":-0.5880000000000001},{"first":40,"second":121,"amount":-0.63},{"first":41,"second":41,"amount":-0.42000000000000004},{"first":42,"second":65,"amount":-2.814},{"first":42,"second":74,"amount":-3.8640000000000003},{"first":42,"second":97,"amount":-0.504},{"first":42,"second":99,"amount":-0.7140000000000001},{"first":42,"second":100,"amount":-0.882},{"first":42,"second":101,"amount":-0.7140000000000001},{"first":42,"second":103,"amount":-0.882},{"first":42,"second":111,"amount":-0.7140000000000001},{"first":42,"second":113,"amount":-0.882},{"first":42,"second":115,"amount":-0.504},{"first":43,"second":49,"amount":-0.5880000000000001},{"first":43,"second":50,"amount":-0.8400000000000001},{"first":43,"second":51,"amount":-1.05},{"first":43,"second":52,"amount":-1.764},{"first":43,"second":55,"amount":-1.302},{"first":44,"second":34,"amount":-3.318},{"first":44,"second":39,"amount":-3.318},{"first":44,"second":55,"amount":-1.26},{"first":44,"second":67,"amount":-0.8400000000000001},{"first":44,"second":71,"amount":-0.8400000000000001},{"first":44,"second":79,"amount":-0.8400000000000001},{"first":44,"second":81,"amount":-0.8400000000000001},{"first":44,"second":84,"amount":-3.024},{"first":44,"second":85,"amount":-0.756},{"first":44,"second":86,"amount":-3.234},{"first":44,"second":87,"amount":-3.234},{"first":44,"second":89,"amount":-3.318},{"first":44,"second":118,"amount":-1.9740000000000002},{"first":44,"second":119,"amount":-2.016},{"first":44,"second":121,"amount":-2.1},{"first":45,"second":34,"amount":-2.898},{"first":45,"second":39,"amount":-2.898},{"first":45,"second":49,"amount":-0.882},{"first":45,"second":50,"amount":-0.504},{"first":45,"second":51,"amount":-2.016},{"first":45,"second":52,"amount":-0.9660000000000001},{"first":45,"second":55,"amount":-1.764},{"first":45,"second":65,"amount":-0.63},{"first":45,"second":74,"amount":-3.3600000000000003},{"first":45,"second":84,"amount":-2.982},{"first":45,"second":86,"amount":-1.9320000000000002},{"first":45,"second":87,"amount":-1.9320000000000002},{"first":45,"second":88,"amount":-1.1340000000000001},{"first":45,"second":89,"amount":-3.612},{"first":45,"second":90,"amount":-0.63},{"first":45,"second":118,"amount":-0.7140000000000001},{"first":45,"second":119,"amount":-0.7140000000000001},{"first":45,"second":120,"amount":-1.008},{"first":45,"second":121,"amount":-0.7140000000000001},{"first":45,"second":122,"amount":-1.1760000000000002},{"first":46,"second":34,"amount":-3.318},{"first":46,"second":39,"amount":-3.318},{"first":46,"second":55,"amount":-1.26},{"first":46,"second":67,"amount":-0.8400000000000001},{"first":46,"second":71,"amount":-0.8400000000000001},{"first":46,"second":79,"amount":-0.8400000000000001},{"first":46,"second":81,"amount":-0.8400000000000001},{"first":46,"second":84,"amount":-3.024},{"first":46,"second":85,"amount":-0.756},{"first":46,"second":86,"amount":-3.234},{"first":46,"second":87,"amount":-3.234},{"first":46,"second":89,"amount":-3.318},{"first":46,"second":118,"amount":-1.9740000000000002},{"first":46,"second":119,"amount":-2.016},{"first":46,"second":121,"amount":-2.1},{"first":47,"second":65,"amount":-3.2760000000000002},{"first":47,"second":67,"amount":-0.924},{"first":47,"second":71,"amount":-0.924},{"first":47,"second":74,"amount":-4.2},{"first":47,"second":79,"amount":-0.924},{"first":47,"second":81,"amount":-0.924},{"first":47,"second":97,"amount":-1.512},{"first":47,"second":99,"amount":-1.6800000000000002},{"first":47,"second":100,"amount":-1.7220000000000002},{"first":47,"second":101,"amount":-1.6800000000000002},{"first":47,"second":103,"amount":-1.7220000000000002},{"first":47,"second":109,"amount":-1.008},{"first":47,"second":110,"amount":-1.008},{"first":47,"second":111,"amount":-1.6800000000000002},{"first":47,"second":112,"amount":-1.008},{"first":47,"second":113,"amount":-1.7220000000000002},{"first":47,"second":114,"amount":-1.008},{"first":47,"second":115,"amount":-1.344},{"first":47,"second":117,"amount":-0.882},{"first":47,"second":119,"amount":-0.546},{"first":47,"second":121,"amount":-0.504},{"first":48,"second":34,"amount":-0.546},{"first":48,"second":39,"amount":-0.546},{"first":48,"second":65,"amount":-0.798},{"first":48,"second":74,"amount":-0.462},{"first":48,"second":84,"amount":-3.402},{"first":48,"second":87,"amount":-1.6800000000000002},{"first":48,"second":89,"amount":-2.604},{"first":48,"second":90,"amount":-0.798},{"first":49,"second":34,"amount":-0.756},{"first":49,"second":39,"amount":-0.756},{"first":49,"second":45,"amount":-0.546},{"first":49,"second":84,"amount":-3.4440000000000004},{"first":49,"second":85,"amount":-0.5880000000000001},{"first":49,"second":87,"amount":-2.016},{"first":49,"second":89,"amount":-2.52},{"first":50,"second":84,"amount":-3.402},{"first":50,"second":87,"amount":-1.1760000000000002},{"first":50,"second":89,"amount":-1.9740000000000002},{"first":51,"second":34,"amount":-0.798},{"first":51,"second":39,"amount":-0.798},{"first":51,"second":84,"amount":-3.402},{"first":51,"second":87,"amount":-1.512},{"first":51,"second":89,"amount":-2.31},{"first":52,"second":34,"amount":-0.504},{"first":52,"second":39,"amount":-0.504},{"first":52,"second":45,"amount":-0.42000000000000004},{"first":52,"second":84,"amount":-3.402},{"first":52,"second":87,"amount":-1.554},{"first":52,"second":89,"amount":-2.0580000000000003},{"first":53,"second":45,"amount":-0.546},{"first":53,"second":84,"amount":-2.898},{"first":53,"second":87,"amount":-0.546},{"first":53,"second":89,"amount":-0.756},{"first":54,"second":65,"amount":-0.63},{"first":54,"second":84,"amount":-0.7140000000000001},{"first":54,"second":87,"amount":-0.8400000000000001},{"first":54,"second":89,"amount":-1.218},{"first":55,"second":44,"amount":-2.982},{"first":55,"second":45,"amount":-1.7220000000000002},{"first":55,"second":46,"amount":-2.982},{"first":55,"second":65,"amount":-2.184},{"first":55,"second":74,"amount":-2.688},{"first":55,"second":84,"amount":-1.848},{"first":55,"second":90,"amount":-0.7140000000000001},{"first":56,"second":84,"amount":-0.546},{"first":56,"second":87,"amount":-0.798},{"first":56,"second":89,"amount":-1.1760000000000002},{"first":57,"second":34,"amount":-1.1760000000000002},{"first":57,"second":39,"amount":-1.1760000000000002},{"first":57,"second":84,"amount":-3.486},{"first":57,"second":87,"amount":-1.6800000000000002},{"first":57,"second":89,"amount":-2.6460000000000004},{"first":58,"second":84,"amount":-2.6460000000000004},{"first":58,"second":86,"amount":-0.5880000000000001},{"first":58,"second":87,"amount":-0.5880000000000001},{"first":58,"second":89,"amount":-1.302},{"first":59,"second":84,"amount":-2.6460000000000004},{"first":59,"second":86,"amount":-0.5880000000000001},{"first":59,"second":87,"amount":-0.5880000000000001},{"first":59,"second":89,"amount":-1.302},{"first":61,"second":51,"amount":-1.05},{"first":61,"second":55,"amount":-0.8400000000000001},{"first":64,"second":34,"amount":-1.26},{"first":64,"second":39,"amount":-1.26},{"first":64,"second":65,"amount":-0.504},{"first":64,"second":84,"amount":-3.528},{"first":64,"second":87,"amount":-2.0580000000000003},{"first":64,"second":89,"amount":-3.192},{"first":64,"second":119,"amount":-0.546},{"first":64,"second":121,"amount":-0.546},{"first":65,"second":32,"amount":-1.302},{"first":65,"second":34,"amount":-2.8560000000000003},{"first":65,"second":39,"amount":-2.8560000000000003},{"first":65,"second":42,"amount":-2.8560000000000003},{"first":65,"second":45,"amount":-0.63},{"first":65,"second":48,"amount":-0.756},{"first":65,"second":54,"amount":-0.7140000000000001},{"first":65,"second":55,"amount":-1.554},{"first":65,"second":63,"amount":-1.6800000000000002},{"first":65,"second":64,"amount":-0.5880000000000001},{"first":65,"second":67,"amount":-1.092},{"first":65,"second":71,"amount":-1.092},{"first":65,"second":79,"amount":-1.092},{"first":65,"second":81,"amount":-1.092},{"first":65,"second":83,"amount":-0.462},{"first":65,"second":84,"amount":-2.9400000000000004},{"first":65,"second":85,"amount":-1.302},{"first":65,"second":86,"amount":-2.5620000000000003},{"first":65,"second":87,"amount":-2.5620000000000003},{"first":65,"second":89,"amount":-3.486},{"first":65,"second":92,"amount":-3.1500000000000004},{"first":65,"second":97,"amount":-0.336},{"first":65,"second":99,"amount":-0.5880000000000001},{"first":65,"second":100,"amount":-0.63},{"first":65,"second":101,"amount":-0.5880000000000001},{"first":65,"second":102,"amount":-0.504},{"first":65,"second":103,"amount":-0.63},{"first":65,"second":111,"amount":-0.5880000000000001},{"first":65,"second":113,"amount":-0.63},{"first":65,"second":115,"amount":-0.252},{"first":65,"second":116,"amount":-0.672},{"first":65,"second":117,"amount":-0.504},{"first":65,"second":118,"amount":-1.3860000000000001},{"first":65,"second":119,"amount":-1.3860000000000001},{"first":65,"second":121,"amount":-1.4280000000000002},{"first":66,"second":65,"amount":-0.63},{"first":66,"second":84,"amount":-0.882},{"first":66,"second":87,"amount":-0.8400000000000001},{"first":66,"second":89,"amount":-1.218},{"first":66,"second":90,"amount":-0.21000000000000002},{"first":66,"second":119,"amount":-0.21000000000000002},{"first":66,"second":121,"amount":-0.21000000000000002},{"first":67,"second":65,"amount":-0.42000000000000004},{"first":67,"second":67,"amount":-0.29400000000000004},{"first":67,"second":71,"amount":-0.29400000000000004},{"first":67,"second":79,"amount":-0.29400000000000004},{"first":67,"second":81,"amount":-0.29400000000000004},{"first":67,"second":84,"amount":-0.29400000000000004},{"first":67,"second":86,"amount":-0.462},{"first":67,"second":87,"amount":-0.462},{"first":67,"second":88,"amount":-0.21000000000000002},{"first":67,"second":89,"amount":-0.63},{"first":68,"second":41,"amount":-0.5880000000000001},{"first":68,"second":44,"amount":-0.756},{"first":68,"second":46,"amount":-0.756},{"first":68,"second":47,"amount":-0.756},{"first":68,"second":52,"amount":-0.504},{"first":68,"second":65,"amount":-1.05},{"first":68,"second":74,"amount":-1.302},{"first":68,"second":84,"amount":-1.3860000000000001},{"first":68,"second":86,"amount":-1.008},{"first":68,"second":87,"amount":-1.008},{"first":68,"second":88,"amount":-1.344},{"first":68,"second":89,"amount":-1.848},{"first":68,"second":90,"amount":-0.756},{"first":68,"second":92,"amount":-0.63},{"first":68,"second":120,"amount":-0.29400000000000004},{"first":69,"second":45,"amount":-0.756},{"first":69,"second":55,"amount":-1.092},{"first":69,"second":67,"amount":-0.63},{"first":69,"second":71,"amount":-0.63},{"first":69,"second":79,"amount":-0.63},{"first":69,"second":81,"amount":-0.63},{"first":69,"second":83,"amount":-0.63},{"first":69,"second":97,"amount":-0.42000000000000004},{"first":69,"second":99,"amount":-0.9660000000000001},{"first":69,"second":100,"amount":-1.008},{"first":69,"second":101,"amount":-0.9660000000000001},{"first":69,"second":102,"amount":-0.7140000000000001},{"first":69,"second":103,"amount":-1.008},{"first":69,"second":109,"amount":-0.252},{"first":69,"second":110,"amount":-0.252},{"first":69,"second":111,"amount":-0.9660000000000001},{"first":69,"second":112,"amount":-0.252},{"first":69,"second":113,"amount":-1.008},{"first":69,"second":114,"amount":-0.252},{"first":69,"second":115,"amount":-0.252},{"first":69,"second":116,"amount":-0.5880000000000001},{"first":69,"second":117,"amount":-0.798},{"first":69,"second":118,"amount":-1.302},{"first":69,"second":119,"amount":-1.344},{"first":69,"second":121,"amount":-1.302},{"first":70,"second":44,"amount":-3.318},{"first":70,"second":45,"amount":-1.806},{"first":70,"second":46,"amount":-3.318},{"first":70,"second":58,"amount":-0.9660000000000001},{"first":70,"second":59,"amount":-0.9660000000000001},{"first":70,"second":65,"amount":-3.2760000000000002},{"first":70,"second":67,"amount":-0.672},{"first":70,"second":71,"amount":-0.672},{"first":70,"second":74,"amount":-6.258},{"first":70,"second":79,"amount":-0.672},{"first":70,"second":81,"amount":-0.672},{"first":70,"second":83,"amount":-1.05},{"first":70,"second":97,"amount":-3.5700000000000003},{"first":70,"second":99,"amount":-1.4280000000000002},{"first":70,"second":100,"amount":-1.3860000000000001},{"first":70,"second":101,"amount":-1.4280000000000002},{"first":70,"second":102,"amount":-1.008},{"first":70,"second":103,"amount":-1.3860000000000001},{"first":70,"second":109,"amount":-1.6380000000000001},{"first":70,"second":110,"amount":-1.6380000000000001},{"first":70,"second":111,"amount":-1.4280000000000002},{"first":70,"second":112,"amount":-1.6380000000000001},{"first":70,"second":113,"amount":-1.3860000000000001},{"first":70,"second":114,"amount":-1.6380000000000001},{"first":70,"second":115,"amount":-1.806},{"first":70,"second":116,"amount":-0.462},{"first":70,"second":117,"amount":-1.4280000000000002},{"first":70,"second":119,"amount":-1.4280000000000002},{"first":70,"second":121,"amount":-1.26},{"first":70,"second":122,"amount":-1.8900000000000001},{"first":71,"second":84,"amount":-0.882},{"first":71,"second":86,"amount":-0.882},{"first":71,"second":87,"amount":-0.882},{"first":71,"second":89,"amount":-1.26},{"first":71,"second":118,"amount":-0.336},{"first":71,"second":119,"amount":-0.336},{"first":71,"second":121,"amount":-0.336},{"first":72,"second":97,"amount":-0.21000000000000002},{"first":72,"second":99,"amount":-0.29400000000000004},{"first":72,"second":100,"amount":-0.252},{"first":72,"second":101,"amount":-0.29400000000000004},{"first":72,"second":102,"amount":-0.21000000000000002},{"first":72,"second":103,"amount":-0.252},{"first":72,"second":111,"amount":-0.29400000000000004},{"first":72,"second":113,"amount":-0.252},{"first":72,"second":115,"amount":-0.21000000000000002},{"first":73,"second":97,"amount":-0.21000000000000002},{"first":73,"second":99,"amount":-0.29400000000000004},{"first":73,"second":100,"amount":-0.252},{"first":73,"second":101,"amount":-0.29400000000000004},{"first":73,"second":102,"amount":-0.21000000000000002},{"first":73,"second":103,"amount":-0.252},{"first":73,"second":111,"amount":-0.29400000000000004},{"first":73,"second":113,"amount":-0.252},{"first":73,"second":115,"amount":-0.21000000000000002},{"first":74,"second":44,"amount":-0.378},{"first":74,"second":46,"amount":-0.378},{"first":74,"second":47,"amount":-0.42000000000000004},{"first":74,"second":65,"amount":-0.63},{"first":74,"second":74,"amount":-0.336},{"first":74,"second":97,"amount":-0.29400000000000004},{"first":74,"second":99,"amount":-0.336},{"first":74,"second":100,"amount":-0.336},{"first":74,"second":101,"amount":-0.336},{"first":74,"second":103,"amount":-0.336},{"first":74,"second":111,"amount":-0.336},{"first":74,"second":113,"amount":-0.336},{"first":74,"second":115,"amount":-0.378},{"first":75,"second":32,"amount":-0.504},{"first":75,"second":45,"amount":-1.05},{"first":75,"second":48,"amount":-0.504},{"first":75,"second":67,"amount":-1.596},{"first":75,"second":71,"amount":-1.596},{"first":75,"second":79,"amount":-1.596},{"first":75,"second":81,"amount":-1.596},{"first":75,"second":99,"amount":-1.092},{"first":75,"second":100,"amount":-1.1340000000000001},{"first":75,"second":101,"amount":-1.092},{"first":75,"second":102,"amount":-0.21000000000000002},{"first":75,"second":103,"amount":-1.1340000000000001},{"first":75,"second":111,"amount":-1.092},{"first":75,"second":113,"amount":-1.1340000000000001},{"first":75,"second":117,"amount":-0.7140000000000001},{"first":75,"second":118,"amount":-1.26},{"first":75,"second":119,"amount":-1.26},{"first":75,"second":121,"amount":-1.26},{"first":76,"second":32,"amount":-1.1340000000000001},{"first":76,"second":34,"amount":-3.486},{"first":76,"second":39,"amount":-3.486},{"first":76,"second":42,"amount":-4.83},{"first":76,"second":45,"amount":-3.6540000000000004},{"first":76,"second":55,"amount":-0.8400000000000001},{"first":76,"second":63,"amount":-1.302},{"first":76,"second":67,"amount":-1.8900000000000001},{"first":76,"second":71,"amount":-1.8900000000000001},{"first":76,"second":79,"amount":-1.8900000000000001},{"first":76,"second":81,"amount":-1.8900000000000001},{"first":76,"second":84,"amount":-4.956},{"first":76,"second":85,"amount":-1.848},{"first":76,"second":86,"amount":-4.662},{"first":76,"second":87,"amount":-4.662},{"first":76,"second":89,"amount":-5.082000000000001},{"first":76,"second":92,"amount":-4.494000000000001},{"first":76,"second":99,"amount":-0.882},{"first":76,"second":100,"amount":-0.882},{"first":76,"second":101,"amount":-0.882},{"first":76,"second":103,"amount":-0.882},{"first":76,"second":111,"amount":-0.882},{"first":76,"second":113,"amount":-0.882},{"first":76,"second":117,"amount":-0.252},{"first":76,"second":118,"amount":-3.2760000000000002},{"first":76,"second":119,"amount":-3.318},{"first":76,"second":121,"amount":-3.5700000000000003},{"first":77,"second":97,"amount":-0.21000000000000002},{"first":77,"second":99,"amount":-0.29400000000000004},{"first":77,"second":100,"amount":-0.252},{"first":77,"second":101,"amount":-0.29400000000000004},{"first":77,"second":102,"amount":-0.21000000000000002},{"first":77,"second":103,"amount":-0.252},{"first":77,"second":111,"amount":-0.29400000000000004},{"first":77,"second":113,"amount":-0.252},{"first":77,"second":115,"amount":-0.21000000000000002},{"first":78,"second":97,"amount":-0.21000000000000002},{"first":78,"second":99,"amount":-0.29400000000000004},{"first":78,"second":100,"amount":-0.252},{"first":78,"second":101,"amount":-0.29400000000000004},{"first":78,"second":102,"amount":-0.21000000000000002},{"first":78,"second":103,"amount":-0.252},{"first":78,"second":111,"amount":-0.29400000000000004},{"first":78,"second":113,"amount":-0.252},{"first":78,"second":115,"amount":-0.21000000000000002},{"first":79,"second":41,"amount":-0.672},{"first":79,"second":44,"amount":-0.8400000000000001},{"first":79,"second":46,"amount":-0.8400000000000001},{"first":79,"second":47,"amount":-0.8400000000000001},{"first":79,"second":52,"amount":-0.5880000000000001},{"first":79,"second":65,"amount":-1.05},{"first":79,"second":74,"amount":-1.4700000000000002},{"first":79,"second":84,"amount":-1.3860000000000001},{"first":79,"second":86,"amount":-1.092},{"first":79,"second":87,"amount":-1.092},{"first":79,"second":88,"amount":-1.344},{"first":79,"second":89,"amount":-2.016},{"first":79,"second":90,"amount":-0.924},{"first":79,"second":92,"amount":-0.756},{"first":79,"second":120,"amount":-0.336},{"first":80,"second":44,"amount":-3.318},{"first":80,"second":45,"amount":-0.8400000000000001},{"first":80,"second":46,"amount":-3.318},{"first":80,"second":65,"amount":-1.8900000000000001},{"first":80,"second":74,"amount":-5.1240000000000006},{"first":80,"second":87,"amount":-0.462},{"first":80,"second":89,"amount":-0.42000000000000004},{"first":80,"second":97,"amount":-0.21000000000000002},{"first":80,"second":99,"amount":-0.378},{"first":80,"second":100,"amount":-0.336},{"first":80,"second":101,"amount":-0.378},{"first":80,"second":103,"amount":-0.336},{"first":80,"second":111,"amount":-0.378},{"first":80,"second":113,"amount":-0.336},{"first":81,"second":41,"amount":-0.672},{"first":81,"second":44,"amount":-0.8400000000000001},{"first":81,"second":46,"amount":-0.8400000000000001},{"first":81,"second":47,"amount":-0.8400000000000001},{"first":81,"second":52,"amount":-0.5880000000000001},{"first":81,"second":65,"amount":-1.05},{"first":81,"second":74,"amount":-1.4700000000000002},{"first":81,"second":84,"amount":-1.3860000000000001},{"first":81,"second":86,"amount":-1.092},{"first":81,"second":87,"amount":-1.092},{"first":81,"second":88,"amount":-1.344},{"first":81,"second":89,"amount":-2.016},{"first":81,"second":90,"amount":-0.924},{"first":81,"second":92,"amount":-0.756},{"first":81,"second":120,"amount":-0.336},{"first":82,"second":65,"amount":-0.462},{"first":82,"second":84,"amount":-0.462},{"first":82,"second":86,"amount":-0.7140000000000001},{"first":82,"second":87,"amount":-0.7140000000000001},{"first":82,"second":89,"amount":-0.9660000000000001},{"first":82,"second":97,"amount":-0.29400000000000004},{"first":82,"second":99,"amount":-0.63},{"first":82,"second":100,"amount":-0.63},{"first":82,"second":101,"amount":-0.63},{"first":82,"second":103,"amount":-0.63},{"first":82,"second":105,"amount":-0.21000000000000002},{"first":82,"second":106,"amount":-0.21000000000000002},{"first":82,"second":109,"amount":-0.21000000000000002},{"first":82,"second":110,"amount":-0.21000000000000002},{"first":82,"second":111,"amount":-0.63},{"first":82,"second":112,"amount":-0.21000000000000002},{"first":82,"second":113,"amount":-0.63},{"first":82,"second":114,"amount":-0.21000000000000002},{"first":82,"second":117,"amount":-0.29400000000000004},{"first":83,"second":55,"amount":-0.7140000000000001},{"first":83,"second":65,"amount":-0.504},{"first":83,"second":84,"amount":-0.21000000000000002},{"first":83,"second":86,"amount":-0.672},{"first":83,"second":87,"amount":-0.672},{"first":83,"second":89,"amount":-0.63},{"first":83,"second":102,"amount":-0.252},{"first":83,"second":116,"amount":-0.252},{"first":83,"second":118,"amount":-0.756},{"first":83,"second":119,"amount":-0.7140000000000001},{"first":83,"second":120,"amount":-0.21000000000000002},{"first":83,"second":121,"amount":-0.756},{"first":84,"second":32,"amount":-1.1760000000000002},{"first":84,"second":38,"amount":-0.672},{"first":84,"second":44,"amount":-3.024},{"first":84,"second":45,"amount":-2.982},{"first":84,"second":46,"amount":-3.024},{"first":84,"second":47,"amount":-3.402},{"first":84,"second":48,"amount":-3.402},{"first":84,"second":49,"amount":-3.4440000000000004},{"first":84,"second":50,"amount":-3.2760000000000002},{"first":84,"second":51,"amount":-3.528},{"first":84,"second":52,"amount":-3.612},{"first":84,"second":53,"amount":-3.486},{"first":84,"second":54,"amount":-1.092},{"first":84,"second":55,"amount":-2.2680000000000002},{"first":84,"second":56,"amount":-0.504},{"first":84,"second":57,"amount":-3.486},{"first":84,"second":58,"amount":-2.6460000000000004},{"first":84,"second":59,"amount":-2.6460000000000004},{"first":84,"second":64,"amount":-3.528},{"first":84,"second":65,"amount":-2.9400000000000004},{"first":84,"second":67,"amount":-1.3860000000000001},{"first":84,"second":71,"amount":-1.3860000000000001},{"first":84,"second":74,"amount":-4.368},{"first":84,"second":79,"amount":-1.3860000000000001},{"first":84,"second":81,"amount":-1.3860000000000001},{"first":84,"second":97,"amount":-4.62},{"first":84,"second":99,"amount":-4.788},{"first":84,"second":100,"amount":-4.788},{"first":84,"second":101,"amount":-4.788},{"first":84,"second":102,"amount":-0.924},{"first":84,"second":103,"amount":-4.788},{"first":84,"second":109,"amount":-4.62},{"first":84,"second":110,"amount":-4.62},{"first":84,"second":111,"amount":-4.788},{"first":84,"second":112,"amount":-4.62},{"first":84,"second":113,"amount":-4.788},{"first":84,"second":114,"amount":-4.62},{"first":84,"second":115,"amount":-4.578},{"first":84,"second":116,"amount":-0.21000000000000002},{"first":84,"second":117,"amount":-4.494000000000001},{"first":84,"second":118,"amount":-3.2760000000000002},{"first":84,"second":119,"amount":-3.2760000000000002},{"first":84,"second":120,"amount":-2.814},{"first":84,"second":121,"amount":-3.318},{"first":84,"second":122,"amount":-3.6540000000000004},{"first":85,"second":44,"amount":-0.7140000000000001},{"first":85,"second":46,"amount":-0.7140000000000001},{"first":85,"second":47,"amount":-0.8400000000000001},{"first":85,"second":52,"amount":-0.672},{"first":85,"second":65,"amount":-1.26},{"first":85,"second":74,"amount":-0.9660000000000001},{"first":85,"second":97,"amount":-0.504},{"first":85,"second":99,"amount":-0.42000000000000004},{"first":85,"second":100,"amount":-0.378},{"first":85,"second":101,"amount":-0.42000000000000004},{"first":85,"second":103,"amount":-0.378},{"first":85,"second":108,"amount":-0.21000000000000002},{"first":85,"second":111,"amount":-0.42000000000000004},{"first":85,"second":113,"amount":-0.378},{"first":85,"second":115,"amount":-0.504},{"first":85,"second":117,"amount":-0.252},{"first":86,"second":44,"amount":-3.234},{"first":86,"second":45,"amount":-1.9320000000000002},{"first":86,"second":46,"amount":-3.234},{"first":86,"second":58,"amount":-0.5880000000000001},{"first":86,"second":59,"amount":-0.5880000000000001},{"first":86,"second":65,"amount":-2.5620000000000003},{"first":86,"second":67,"amount":-1.092},{"first":86,"second":71,"amount":-1.092},{"first":86,"second":74,"amount":-3.528},{"first":86,"second":79,"amount":-1.092},{"first":86,"second":81,"amount":-1.092},{"first":86,"second":83,"amount":-0.7140000000000001},{"first":86,"second":97,"amount":-2.1},{"first":86,"second":99,"amount":-2.688},{"first":86,"second":100,"amount":-2.6460000000000004},{"first":86,"second":101,"amount":-2.688},{"first":86,"second":102,"amount":-0.42000000000000004},{"first":86,"second":103,"amount":-2.6460000000000004},{"first":86,"second":109,"amount":-1.554},{"first":86,"second":110,"amount":-1.554},{"first":86,"second":111,"amount":-2.688},{"first":86,"second":112,"amount":-1.554},{"first":86,"second":113,"amount":-2.6460000000000004},{"first":86,"second":114,"amount":-1.554},{"first":86,"second":115,"amount":-2.1420000000000003},{"first":86,"second":116,"amount":-0.29400000000000004},{"first":86,"second":117,"amount":-1.4280000000000002},{"first":86,"second":119,"amount":-0.546},{"first":86,"second":121,"amount":-0.42000000000000004},{"first":86,"second":122,"amount":-0.462},{"first":87,"second":32,"amount":-1.4280000000000002},{"first":87,"second":38,"amount":-1.008},{"first":87,"second":44,"amount":-3.234},{"first":87,"second":45,"amount":-1.9320000000000002},{"first":87,"second":46,"amount":-3.234},{"first":87,"second":47,"amount":-3.2760000000000002},{"first":87,"second":48,"amount":-1.6800000000000002},{"first":87,"second":49,"amount":-0.924},{"first":87,"second":50,"amount":-0.9660000000000001},{"first":87,"second":51,"amount":-1.26},{"first":87,"second":52,"amount":-3.234},{"first":87,"second":53,"amount":-1.6800000000000002},{"first":87,"second":54,"amount":-0.9660000000000001},{"first":87,"second":56,"amount":-0.798},{"first":87,"second":57,"amount":-1.512},{"first":87,"second":58,"amount":-0.5880000000000001},{"first":87,"second":59,"amount":-0.5880000000000001},{"first":87,"second":64,"amount":-2.016},{"first":87,"second":65,"amount":-2.5620000000000003},{"first":87,"second":67,"amount":-1.092},{"first":87,"second":71,"amount":-1.092},{"first":87,"second":74,"amount":-3.528},{"first":87,"second":79,"amount":-1.092},{"first":87,"second":81,"amount":-1.092},{"first":87,"second":83,"amount":-0.7140000000000001},{"first":87,"second":97,"amount":-2.1},{"first":87,"second":99,"amount":-2.688},{"first":87,"second":100,"amount":-2.6460000000000004},{"first":87,"second":101,"amount":-2.688},{"first":87,"second":102,"amount":-0.42000000000000004},{"first":87,"second":103,"amount":-2.6460000000000004},{"first":87,"second":109,"amount":-1.554},{"first":87,"second":110,"amount":-1.554},{"first":87,"second":111,"amount":-2.688},{"first":87,"second":112,"amount":-1.554},{"first":87,"second":113,"amount":-2.6460000000000004},{"first":87,"second":114,"amount":-1.554},{"first":87,"second":115,"amount":-2.1420000000000003},{"first":87,"second":116,"amount":-0.29400000000000004},{"first":87,"second":117,"amount":-1.4280000000000002},{"first":87,"second":118,"amount":-0.546},{"first":87,"second":119,"amount":-0.546},{"first":87,"second":120,"amount":-0.336},{"first":87,"second":121,"amount":-0.42000000000000004},{"first":87,"second":122,"amount":-0.462},{"first":88,"second":45,"amount":-1.1340000000000001},{"first":88,"second":67,"amount":-1.344},{"first":88,"second":71,"amount":-1.344},{"first":88,"second":79,"amount":-1.344},{"first":88,"second":81,"amount":-1.344},{"first":88,"second":99,"amount":-1.26},{"first":88,"second":100,"amount":-1.26},{"first":88,"second":101,"amount":-1.26},{"first":88,"second":103,"amount":-1.26},{"first":88,"second":109,"amount":-0.21000000000000002},{"first":88,"second":110,"amount":-0.21000000000000002},{"first":88,"second":111,"amount":-1.26},{"first":88,"second":112,"amount":-0.21000000000000002},{"first":88,"second":113,"amount":-1.26},{"first":88,"second":114,"amount":-0.21000000000000002},{"first":88,"second":117,"amount":-0.756},{"first":88,"second":119,"amount":-0.9660000000000001},{"first":88,"second":121,"amount":-0.924},{"first":89,"second":32,"amount":-1.4280000000000002},{"first":89,"second":38,"amount":-1.3860000000000001},{"first":89,"second":44,"amount":-3.318},{"first":89,"second":45,"amount":-3.5700000000000003},{"first":89,"second":46,"amount":-3.318},{"first":89,"second":47,"amount":-3.528},{"first":89,"second":48,"amount":-2.5620000000000003},{"first":89,"second":49,"amount":-1.764},{"first":89,"second":50,"amount":-1.6800000000000002},{"first":89,"second":51,"amount":-1.9320000000000002},{"first":89,"second":52,"amount":-3.6540000000000004},{"first":89,"second":53,"amount":-2.226},{"first":89,"second":54,"amount":-1.554},{"first":89,"second":56,"amount":-1.092},{"first":89,"second":57,"amount":-2.436},{"first":89,"second":58,"amount":-1.26},{"first":89,"second":59,"amount":-1.26},{"first":89,"second":64,"amount":-3.108},{"first":89,"second":65,"amount":-3.4440000000000004},{"first":89,"second":67,"amount":-2.016},{"first":89,"second":71,"amount":-2.016},{"first":89,"second":74,"amount":-3.906},{"first":89,"second":79,"amount":-2.016},{"first":89,"second":81,"amount":-2.016},{"first":89,"second":83,"amount":-0.798},{"first":89,"second":97,"amount":-3.696},{"first":89,"second":99,"amount":-3.906},{"first":89,"second":100,"amount":-3.8640000000000003},{"first":89,"second":101,"amount":-3.906},{"first":89,"second":102,"amount":-0.924},{"first":89,"second":103,"amount":-3.8640000000000003},{"first":89,"second":109,"amount":-2.982},{"first":89,"second":110,"amount":-2.982},{"first":89,"second":111,"amount":-3.906},{"first":89,"second":112,"amount":-2.982},{"first":89,"second":113,"amount":-3.8640000000000003},{"first":89,"second":114,"amount":-2.982},{"first":89,"second":115,"amount":-3.8640000000000003},{"first":89,"second":116,"amount":-0.504},{"first":89,"second":117,"amount":-2.688},{"first":89,"second":118,"amount":-1.554},{"first":89,"second":119,"amount":-1.554},{"first":89,"second":120,"amount":-1.1340000000000001},{"first":89,"second":121,"amount":-1.4280000000000002},{"first":89,"second":122,"amount":-1.092},{"first":90,"second":45,"amount":-0.756},{"first":90,"second":48,"amount":-0.462},{"first":90,"second":67,"amount":-0.924},{"first":90,"second":71,"amount":-0.924},{"first":90,"second":79,"amount":-0.924},{"first":90,"second":81,"amount":-0.924},{"first":90,"second":99,"amount":-0.756},{"first":90,"second":100,"amount":-0.756},{"first":90,"second":101,"amount":-0.756},{"first":90,"second":102,"amount":-0.252},{"first":90,"second":103,"amount":-0.756},{"first":90,"second":109,"amount":-0.336},{"first":90,"second":110,"amount":-0.336},{"first":90,"second":111,"amount":-0.756},{"first":90,"second":112,"amount":-0.336},{"first":90,"second":113,"amount":-0.756},{"first":90,"second":114,"amount":-0.336},{"first":90,"second":116,"amount":-0.21000000000000002},{"first":90,"second":117,"amount":-0.7140000000000001},{"first":90,"second":118,"amount":-0.798},{"first":90,"second":119,"amount":-0.798},{"first":90,"second":121,"amount":-0.756},{"first":91,"second":100,"amount":-0.42000000000000004},{"first":91,"second":103,"amount":-0.42000000000000004},{"first":91,"second":113,"amount":-0.42000000000000004},{"first":92,"second":34,"amount":-3.318},{"first":92,"second":39,"amount":-3.318},{"first":92,"second":67,"amount":-0.756},{"first":92,"second":71,"amount":-0.756},{"first":92,"second":79,"amount":-0.756},{"first":92,"second":81,"amount":-0.756},{"first":92,"second":84,"amount":-3.318},{"first":92,"second":85,"amount":-0.756},{"first":92,"second":87,"amount":-3.108},{"first":92,"second":89,"amount":-3.4440000000000004},{"first":92,"second":119,"amount":-1.6380000000000001},{"first":92,"second":121,"amount":-1.7220000000000002},{"first":97,"second":34,"amount":-0.546},{"first":97,"second":39,"amount":-0.546},{"first":97,"second":42,"amount":-0.5880000000000001},{"first":97,"second":63,"amount":-0.8400000000000001},{"first":97,"second":84,"amount":-4.872},{"first":97,"second":86,"amount":-2.226},{"first":97,"second":87,"amount":-2.226},{"first":97,"second":89,"amount":-3.7380000000000004},{"first":97,"second":92,"amount":-1.6380000000000001},{"first":97,"second":102,"amount":-0.168},{"first":97,"second":116,"amount":-0.168},{"first":97,"second":118,"amount":-0.5880000000000001},{"first":97,"second":119,"amount":-0.5880000000000001},{"first":97,"second":121,"amount":-0.546},{"first":98,"second":34,"amount":-0.882},{"first":98,"second":39,"amount":-0.882},{"first":98,"second":41,"amount":-0.8400000000000001},{"first":98,"second":42,"amount":-0.882},{"first":98,"second":63,"amount":-0.9660000000000001},{"first":98,"second":65,"amount":-0.5880000000000001},{"first":98,"second":66,"amount":-0.252},{"first":98,"second":68,"amount":-0.252},{"first":98,"second":69,"amount":-0.252},{"first":98,"second":70,"amount":-0.252},{"first":98,"second":72,"amount":-0.252},{"first":98,"second":73,"amount":-0.252},{"first":98,"second":74,"amount":-0.672},{"first":98,"second":75,"amount":-0.252},{"first":98,"second":76,"amount":-0.252},{"first":98,"second":77,"amount":-0.252},{"first":98,"second":78,"amount":-0.252},{"first":98,"second":80,"amount":-0.252},{"first":98,"second":82,"amount":-0.252},{"first":98,"second":83,"amount":-0.21000000000000002},{"first":98,"second":84,"amount":-4.788},{"first":98,"second":85,"amount":-0.378},{"first":98,"second":86,"amount":-2.6460000000000004},{"first":98,"second":87,"amount":-2.6460000000000004},{"first":98,"second":88,"amount":-1.26},{"first":98,"second":89,"amount":-3.906},{"first":98,"second":90,"amount":-0.798},{"first":98,"second":92,"amount":-1.6800000000000002},{"first":98,"second":93,"amount":-0.42000000000000004},{"first":98,"second":102,"amount":-0.336},{"first":98,"second":116,"amount":-0.29400000000000004},{"first":98,"second":118,"amount":-0.756},{"first":98,"second":119,"amount":-0.756},{"first":98,"second":120,"amount":-0.924},{"first":98,"second":121,"amount":-0.756},{"first":98,"second":122,"amount":-0.5880000000000001},{"first":98,"second":125,"amount":-0.42000000000000004},{"first":99,"second":34,"amount":-0.42000000000000004},{"first":99,"second":39,"amount":-0.42000000000000004},{"first":99,"second":42,"amount":-0.42000000000000004},{"first":99,"second":45,"amount":-0.42000000000000004},{"first":99,"second":63,"amount":-0.462},{"first":99,"second":65,"amount":-0.21000000000000002},{"first":99,"second":83,"amount":-0.252},{"first":99,"second":84,"amount":-4.284000000000001},{"first":99,"second":85,"amount":-0.29400000000000004},{"first":99,"second":86,"amount":-2.394},{"first":99,"second":87,"amount":-2.394},{"first":99,"second":89,"amount":-3.3600000000000003},{"first":99,"second":92,"amount":-1.218},{"first":99,"second":99,"amount":-0.21000000000000002},{"first":99,"second":100,"amount":-0.252},{"first":99,"second":101,"amount":-0.21000000000000002},{"first":99,"second":103,"amount":-0.252},{"first":99,"second":111,"amount":-0.21000000000000002},{"first":99,"second":113,"amount":-0.252},{"first":99,"second":118,"amount":-0.29400000000000004},{"first":99,"second":119,"amount":-0.29400000000000004},{"first":99,"second":121,"amount":-0.29400000000000004},{"first":101,"second":34,"amount":-0.5880000000000001},{"first":101,"second":39,"amount":-0.5880000000000001},{"first":101,"second":41,"amount":-0.5880000000000001},{"first":101,"second":42,"amount":-0.5880000000000001},{"first":101,"second":63,"amount":-0.672},{"first":101,"second":65,"amount":-0.504},{"first":101,"second":66,"amount":-0.21000000000000002},{"first":101,"second":68,"amount":-0.21000000000000002},{"first":101,"second":69,"amount":-0.21000000000000002},{"first":101,"second":70,"amount":-0.21000000000000002},{"first":101,"second":72,"amount":-0.21000000000000002},{"first":101,"second":73,"amount":-0.21000000000000002},{"first":101,"second":74,"amount":-0.462},{"first":101,"second":75,"amount":-0.21000000000000002},{"first":101,"second":76,"amount":-0.21000000000000002},{"first":101,"second":77,"amount":-0.21000000000000002},{"first":101,"second":78,"amount":-0.21000000000000002},{"first":101,"second":80,"amount":-0.21000000000000002},{"first":101,"second":82,"amount":-0.21000000000000002},{"first":101,"second":84,"amount":-4.5360000000000005},{"first":101,"second":85,"amount":-0.252},{"first":101,"second":86,"amount":-2.394},{"first":101,"second":87,"amount":-2.394},{"first":101,"second":88,"amount":-0.672},{"first":101,"second":89,"amount":-4.494000000000001},{"first":101,"second":90,"amount":-0.5880000000000001},{"first":101,"second":92,"amount":-1.4280000000000002},{"first":101,"second":102,"amount":-0.21000000000000002},{"first":101,"second":116,"amount":-0.168},{"first":101,"second":118,"amount":-0.5880000000000001},{"first":101,"second":119,"amount":-0.5880000000000001},{"first":101,"second":120,"amount":-0.798},{"first":101,"second":121,"amount":-0.5880000000000001},{"first":101,"second":122,"amount":-0.378},{"first":102,"second":32,"amount":-0.882},{"first":102,"second":41,"amount":1.26},{"first":102,"second":44,"amount":-1.26},{"first":102,"second":45,"amount":-1.218},{"first":102,"second":46,"amount":-1.26},{"first":102,"second":47,"amount":-1.344},{"first":102,"second":64,"amount":-0.8400000000000001},{"first":102,"second":65,"amount":-1.4280000000000002},{"first":102,"second":74,"amount":-2.016},{"first":102,"second":84,"amount":1.848},{"first":102,"second":86,"amount":1.764},{"first":102,"second":87,"amount":1.764},{"first":102,"second":88,"amount":2.1},{"first":102,"second":89,"amount":1.6380000000000001},{"first":102,"second":90,"amount":1.26},{"first":102,"second":92,"amount":1.596},{"first":102,"second":97,"amount":-0.336},{"first":102,"second":99,"amount":-1.092},{"first":102,"second":100,"amount":-1.008},{"first":102,"second":101,"amount":-1.092},{"first":102,"second":103,"amount":-1.008},{"first":102,"second":111,"amount":-1.092},{"first":102,"second":113,"amount":-1.008},{"first":103,"second":84,"amount":-4.704000000000001},{"first":103,"second":86,"amount":-1.6380000000000001},{"first":103,"second":88,"amount":-0.252},{"first":103,"second":89,"amount":-3.108},{"first":103,"second":90,"amount":-0.29400000000000004},{"first":103,"second":92,"amount":-0.9660000000000001},{"first":104,"second":34,"amount":-0.7140000000000001},{"first":104,"second":39,"amount":-0.7140000000000001},{"first":104,"second":42,"amount":-0.672},{"first":104,"second":63,"amount":-0.8400000000000001},{"first":104,"second":84,"amount":-4.956},{"first":104,"second":86,"amount":-2.2680000000000002},{"first":104,"second":87,"amount":-2.2680000000000002},{"first":104,"second":89,"amount":-3.696},{"first":104,"second":90,"amount":-0.29400000000000004},{"first":104,"second":92,"amount":-1.512},{"first":104,"second":102,"amount":-0.21000000000000002},{"first":104,"second":116,"amount":-0.21000000000000002},{"first":104,"second":118,"amount":-0.5880000000000001},{"first":104,"second":119,"amount":-0.5880000000000001},{"first":104,"second":121,"amount":-0.5880000000000001},{"first":105,"second":90,"amount":-0.21000000000000002},{"first":106,"second":90,"amount":-0.21000000000000002},{"first":107,"second":45,"amount":-1.092},{"first":107,"second":67,"amount":-0.42000000000000004},{"first":107,"second":71,"amount":-0.42000000000000004},{"first":107,"second":79,"amount":-0.42000000000000004},{"first":107,"second":81,"amount":-0.42000000000000004},{"first":107,"second":84,"amount":-3.2760000000000002},{"first":107,"second":86,"amount":-0.5880000000000001},{"first":107,"second":87,"amount":-0.5880000000000001},{"first":107,"second":89,"amount":-1.4700000000000002},{"first":107,"second":97,"amount":-0.29400000000000004},{"first":107,"second":99,"amount":-1.1340000000000001},{"first":107,"second":100,"amount":-1.092},{"first":107,"second":101,"amount":-1.1340000000000001},{"first":107,"second":103,"amount":-1.092},{"first":107,"second":111,"amount":-1.1340000000000001},{"first":107,"second":113,"amount":-1.092},{"first":108,"second":32,"amount":-1.302},{"first":108,"second":34,"amount":-0.462},{"first":108,"second":39,"amount":-0.462},{"first":108,"second":42,"amount":-0.462},{"first":108,"second":45,"amount":-0.798},{"first":108,"second":63,"amount":-0.8400000000000001},{"first":108,"second":67,"amount":-0.378},{"first":108,"second":71,"amount":-0.378},{"first":108,"second":79,"amount":-0.378},{"first":108,"second":81,"amount":-0.378},{"first":108,"second":84,"amount":-0.7140000000000001},{"first":108,"second":86,"amount":-0.42000000000000004},{"first":108,"second":87,"amount":-0.42000000000000004},{"first":108,"second":89,"amount":-0.798},{"first":108,"second":92,"amount":-0.882},{"first":108,"second":118,"amount":-0.462},{"first":108,"second":119,"amount":-0.462},{"first":108,"second":121,"amount":-0.462},{"first":109,"second":34,"amount":-0.42000000000000004},{"first":109,"second":39,"amount":-0.42000000000000004},{"first":109,"second":42,"amount":-0.504},{"first":109,"second":63,"amount":-0.7140000000000001},{"first":109,"second":84,"amount":-4.998},{"first":109,"second":86,"amount":-2.226},{"first":109,"second":87,"amount":-2.226},{"first":109,"second":89,"amount":-3.5700000000000003},{"first":109,"second":90,"amount":-0.29400000000000004},{"first":109,"second":92,"amount":-1.4280000000000002},{"first":109,"second":102,"amount":-0.21000000000000002},{"first":109,"second":116,"amount":-0.21000000000000002},{"first":109,"second":118,"amount":-0.504},{"first":109,"second":119,"amount":-0.504},{"first":109,"second":121,"amount":-0.504},{"first":110,"second":34,"amount":-0.42000000000000004},{"first":110,"second":39,"amount":-0.42000000000000004},{"first":110,"second":42,"amount":-0.504},{"first":110,"second":63,"amount":-0.7140000000000001},{"first":110,"second":84,"amount":-4.998},{"first":110,"second":86,"amount":-2.226},{"first":110,"second":87,"amount":-2.226},{"first":110,"second":89,"amount":-3.5700000000000003},{"first":110,"second":90,"amount":-0.29400000000000004},{"first":110,"second":92,"amount":-1.4280000000000002},{"first":110,"second":102,"amount":-0.21000000000000002},{"first":110,"second":116,"amount":-0.21000000000000002},{"first":110,"second":118,"amount":-0.504},{"first":110,"second":119,"amount":-0.504},{"first":110,"second":121,"amount":-0.504},{"first":111,"second":34,"amount":-0.7140000000000001},{"first":111,"second":39,"amount":-0.7140000000000001},{"first":111,"second":41,"amount":-0.798},{"first":111,"second":42,"amount":-0.7140000000000001},{"first":111,"second":63,"amount":-0.924},{"first":111,"second":65,"amount":-0.5880000000000001},{"first":111,"second":66,"amount":-0.29400000000000004},{"first":111,"second":68,"amount":-0.29400000000000004},{"first":111,"second":69,"amount":-0.29400000000000004},{"first":111,"second":70,"amount":-0.29400000000000004},{"first":111,"second":72,"amount":-0.29400000000000004},{"first":111,"second":73,"amount":-0.29400000000000004},{"first":111,"second":74,"amount":-0.63},{"first":111,"second":75,"amount":-0.29400000000000004},{"first":111,"second":76,"amount":-0.29400000000000004},{"first":111,"second":77,"amount":-0.29400000000000004},{"first":111,"second":78,"amount":-0.29400000000000004},{"first":111,"second":80,"amount":-0.29400000000000004},{"first":111,"second":82,"amount":-0.29400000000000004},{"first":111,"second":83,"amount":-0.21000000000000002},{"first":111,"second":84,"amount":-4.788},{"first":111,"second":85,"amount":-0.42000000000000004},{"first":111,"second":86,"amount":-2.688},{"first":111,"second":87,"amount":-2.688},{"first":111,"second":88,"amount":-1.26},{"first":111,"second":89,"amount":-3.99},{"first":111,"second":90,"amount":-0.8400000000000001},{"first":111,"second":92,"amount":-1.6380000000000001},{"first":111,"second":102,"amount":-0.336},{"first":111,"second":116,"amount":-0.29400000000000004},{"first":111,"second":118,"amount":-0.798},{"first":111,"second":119,"amount":-0.798},{"first":111,"second":120,"amount":-0.924},{"first":111,"second":121,"amount":-0.756},{"first":111,"second":122,"amount":-0.5880000000000001},{"first":112,"second":34,"amount":-0.882},{"first":112,"second":39,"amount":-0.882},{"first":112,"second":41,"amount":-0.8400000000000001},{"first":112,"second":42,"amount":-0.882},{"first":112,"second":63,"amount":-0.9660000000000001},{"first":112,"second":65,"amount":-0.5880000000000001},{"first":112,"second":66,"amount":-0.252},{"first":112,"second":68,"amount":-0.252},{"first":112,"second":69,"amount":-0.252},{"first":112,"second":70,"amount":-0.252},{"first":112,"second":72,"amount":-0.252},{"first":112,"second":73,"amount":-0.252},{"first":112,"second":74,"amount":-0.672},{"first":112,"second":75,"amount":-0.252},{"first":112,"second":76,"amount":-0.252},{"first":112,"second":77,"amount":-0.252},{"first":112,"second":78,"amount":-0.252},{"first":112,"second":80,"amount":-0.252},{"first":112,"second":82,"amount":-0.252},{"first":112,"second":83,"amount":-0.21000000000000002},{"first":112,"second":84,"amount":-4.788},{"first":112,"second":85,"amount":-0.378},{"first":112,"second":86,"amount":-2.6460000000000004},{"first":112,"second":87,"amount":-2.6460000000000004},{"first":112,"second":88,"amount":-1.26},{"first":112,"second":89,"amount":-3.906},{"first":112,"second":90,"amount":-0.798},{"first":112,"second":92,"amount":-1.6800000000000002},{"first":112,"second":93,"amount":-0.42000000000000004},{"first":112,"second":102,"amount":-0.336},{"first":112,"second":116,"amount":-0.29400000000000004},{"first":112,"second":118,"amount":-0.756},{"first":112,"second":119,"amount":-0.756},{"first":112,"second":120,"amount":-0.924},{"first":112,"second":121,"amount":-0.756},{"first":112,"second":122,"amount":-0.5880000000000001},{"first":112,"second":125,"amount":-0.42000000000000004},{"first":113,"second":84,"amount":-4.704000000000001},{"first":113,"second":86,"amount":-1.6380000000000001},{"first":113,"second":88,"amount":-0.252},{"first":113,"second":89,"amount":-3.108},{"first":113,"second":90,"amount":-0.29400000000000004},{"first":113,"second":92,"amount":-0.9660000000000001},{"first":114,"second":32,"amount":-1.008},{"first":114,"second":44,"amount":-1.9320000000000002},{"first":114,"second":45,"amount":-1.806},{"first":114,"second":46,"amount":-1.9320000000000002},{"first":114,"second":47,"amount":-2.0580000000000003},{"first":114,"second":64,"amount":-0.882},{"first":114,"second":65,"amount":-1.6380000000000001},{"first":114,"second":74,"amount":-3.1500000000000004},{"first":114,"second":84,"amount":-2.898},{"first":114,"second":88,"amount":-0.672},{"first":114,"second":89,"amount":-0.8400000000000001},{"first":114,"second":90,"amount":-0.7140000000000001},{"first":114,"second":97,"amount":-0.29400000000000004},{"first":114,"second":99,"amount":-1.092},{"first":114,"second":100,"amount":-1.092},{"first":114,"second":101,"amount":-1.092},{"first":114,"second":103,"amount":-1.092},{"first":114,"second":111,"amount":-1.092},{"first":114,"second":113,"amount":-1.092},{"first":115,"second":34,"amount":-0.336},{"first":115,"second":39,"amount":-0.336},{"first":115,"second":42,"amount":-0.378},{"first":115,"second":65,"amount":-0.336},{"first":115,"second":66,"amount":-0.21000000000000002},{"first":115,"second":68,"amount":-0.21000000000000002},{"first":115,"second":69,"amount":-0.21000000000000002},{"first":115,"second":70,"amount":-0.21000000000000002},{"first":115,"second":72,"amount":-0.21000000000000002},{"first":115,"second":73,"amount":-0.21000000000000002},{"first":115,"second":75,"amount":-0.21000000000000002},{"first":115,"second":76,"amount":-0.21000000000000002},{"first":115,"second":77,"amount":-0.21000000000000002},{"first":115,"second":78,"amount":-0.21000000000000002},{"first":115,"second":80,"amount":-0.21000000000000002},{"first":115,"second":82,"amount":-0.21000000000000002},{"first":115,"second":84,"amount":-4.494000000000001},{"first":115,"second":85,"amount":-0.42000000000000004},{"first":115,"second":86,"amount":-1.8900000000000001},{"first":115,"second":87,"amount":-1.8900000000000001},{"first":115,"second":89,"amount":-3.108},{"first":115,"second":92,"amount":-1.092},{"first":115,"second":118,"amount":-0.42000000000000004},{"first":115,"second":119,"amount":-0.42000000000000004},{"first":115,"second":121,"amount":-0.42000000000000004},{"first":116,"second":45,"amount":-0.378},{"first":116,"second":67,"amount":-0.29400000000000004},{"first":116,"second":71,"amount":-0.29400000000000004},{"first":116,"second":79,"amount":-0.29400000000000004},{"first":116,"second":81,"amount":-0.29400000000000004},{"first":116,"second":84,"amount":-2.394},{"first":116,"second":85,"amount":-0.378},{"first":116,"second":86,"amount":-0.924},{"first":116,"second":87,"amount":-0.924},{"first":116,"second":89,"amount":-1.7220000000000002},{"first":116,"second":92,"amount":-0.546},{"first":116,"second":99,"amount":-0.546},{"first":116,"second":100,"amount":-0.546},{"first":116,"second":101,"amount":-0.546},{"first":116,"second":103,"amount":-0.546},{"first":116,"second":111,"amount":-0.546},{"first":116,"second":113,"amount":-0.546},{"first":117,"second":84,"amount":-4.578},{"first":117,"second":86,"amount":-1.4700000000000002},{"first":117,"second":87,"amount":-1.4700000000000002},{"first":117,"second":89,"amount":-2.9400000000000004},{"first":117,"second":92,"amount":-0.9660000000000001},{"first":118,"second":44,"amount":-1.9740000000000002},{"first":118,"second":45,"amount":-0.7140000000000001},{"first":118,"second":46,"amount":-1.9740000000000002},{"first":118,"second":65,"amount":-1.3860000000000001},{"first":118,"second":74,"amount":-3.234},{"first":118,"second":84,"amount":-3.2760000000000002},{"first":118,"second":87,"amount":-0.546},{"first":118,"second":89,"amount":-1.596},{"first":118,"second":90,"amount":-0.8400000000000001},{"first":118,"second":97,"amount":-0.546},{"first":118,"second":99,"amount":-0.756},{"first":118,"second":100,"amount":-0.756},{"first":118,"second":101,"amount":-0.756},{"first":118,"second":103,"amount":-0.756},{"first":118,"second":111,"amount":-0.756},{"first":118,"second":113,"amount":-0.756},{"first":118,"second":115,"amount":-0.546},{"first":119,"second":32,"amount":-1.1340000000000001},{"first":119,"second":41,"amount":-0.5880000000000001},{"first":119,"second":44,"amount":-2.016},{"first":119,"second":45,"amount":-0.7140000000000001},{"first":119,"second":46,"amount":-2.016},{"first":119,"second":47,"amount":-1.764},{"first":119,"second":64,"amount":-0.462},{"first":119,"second":65,"amount":-1.3860000000000001},{"first":119,"second":74,"amount":-3.234},{"first":119,"second":84,"amount":-3.2760000000000002},{"first":119,"second":86,"amount":-0.546},{"first":119,"second":87,"amount":-0.546},{"first":119,"second":88,"amount":-0.9660000000000001},{"first":119,"second":89,"amount":-1.596},{"first":119,"second":90,"amount":-0.882},{"first":119,"second":92,"amount":-0.504},{"first":119,"second":97,"amount":-0.546},{"first":119,"second":99,"amount":-0.798},{"first":119,"second":100,"amount":-0.756},{"first":119,"second":101,"amount":-0.798},{"first":119,"second":103,"amount":-0.756},{"first":119,"second":111,"amount":-0.798},{"first":119,"second":113,"amount":-0.756},{"first":119,"second":115,"amount":-0.546},{"first":120,"second":45,"amount":-1.008},{"first":120,"second":67,"amount":-0.336},{"first":120,"second":71,"amount":-0.336},{"first":120,"second":79,"amount":-0.336},{"first":120,"second":81,"amount":-0.336},{"first":120,"second":84,"amount":-2.814},{"first":120,"second":87,"amount":-0.336},{"first":120,"second":89,"amount":-1.1760000000000002},{"first":120,"second":97,"amount":-0.252},{"first":120,"second":99,"amount":-0.924},{"first":120,"second":100,"amount":-0.924},{"first":120,"second":101,"amount":-0.924},{"first":120,"second":103,"amount":-0.924},{"first":120,"second":111,"amount":-0.924},{"first":120,"second":113,"amount":-0.924},{"first":121,"second":32,"amount":-1.1340000000000001},{"first":121,"second":41,"amount":-0.63},{"first":121,"second":44,"amount":-2.016},{"first":121,"second":45,"amount":-0.672},{"first":121,"second":46,"amount":-2.016},{"first":121,"second":47,"amount":-1.764},{"first":121,"second":64,"amount":-0.462},{"first":121,"second":65,"amount":-1.4280000000000002},{"first":121,"second":74,"amount":-3.234},{"first":121,"second":84,"amount":-3.2760000000000002},{"first":121,"second":86,"amount":-0.546},{"first":121,"second":87,"amount":-0.546},{"first":121,"second":88,"amount":-1.008},{"first":121,"second":89,"amount":-1.596},{"first":121,"second":90,"amount":-0.882},{"first":121,"second":92,"amount":-0.504},{"first":121,"second":97,"amount":-0.546},{"first":121,"second":99,"amount":-0.756},{"first":121,"second":100,"amount":-0.756},{"first":121,"second":101,"amount":-0.756},{"first":121,"second":103,"amount":-0.756},{"first":121,"second":111,"amount":-0.756},{"first":121,"second":113,"amount":-0.756},{"first":121,"second":115,"amount":-0.504},{"first":122,"second":45,"amount":-1.092},{"first":122,"second":84,"amount":-3.6540000000000004},{"first":122,"second":86,"amount":-0.7140000000000001},{"first":122,"second":87,"amount":-0.7140000000000001},{"first":122,"second":89,"amount":-1.596},{"first":122,"second":99,"amount":-0.5880000000000001},{"first":122,"second":100,"amount":-0.5880000000000001},{"first":122,"second":101,"amount":-0.5880000000000001},{"first":122,"second":103,"amount":-0.5880000000000001},{"first":122,"second":111,"amount":-0.5880000000000001},{"first":122,"second":113,"amount":-0.5880000000000001},{"first":123,"second":100,"amount":-0.42000000000000004},{"first":123,"second":103,"amount":-0.42000000000000004},{"first":123,"second":113,"amount":-0.42000000000000004},{"first":124,"second":106,"amount":1.9740000000000002}]}
